[
  {
    "Constant" : [

    ],
    "submodules" : [

    ],
    "Function" : [

    ],
    "Variable" : [
      {
        "doc" : "Path to watson binary. Default: `\/usr\/local\/bin\/watson`",
        "stripped_doc" : [
          "Path to watson binary. Default: `\/usr\/local\/bin\/watson`"
        ],
        "desc" : "Path to watson binary. Default: `\/usr\/local\/bin\/watson`",
        "def" : "WatsonStatus.watsonbin",
        "notes" : [

        ],
        "signature" : "WatsonStatus.watsonbin",
        "type" : "Variable",
        "returns" : [

        ],
        "name" : "watsonbin",
        "parameters" : [

        ]
      },
      {
        "doc" : "Path to watson folder. Spoon set folder watch on it to monitor changes. Default: `\/Users\/roman\/Library\/Application Support\/watson`",
        "stripped_doc" : [
          "Path to watson folder. Spoon set folder watch on it to monitor changes. Default: `\/Users\/roman\/Library\/Application Support\/watson`"
        ],
        "desc" : "Path to watson folder. Spoon set folder watch on it to monitor changes. Default: `\/Users\/roman\/Library\/Application Support\/watson`",
        "def" : "WatsonStatus.watsonfolder",
        "notes" : [

        ],
        "signature" : "WatsonStatus.watsonfolder",
        "type" : "Variable",
        "returns" : [

        ],
        "name" : "watsonfolder",
        "parameters" : [

        ]
      }
    ],
    "stripped_doc" : [

    ],
    "desc" : "Display in menubar status from time tracker CLI Watson https:\/\/github.com\/TailorDev\/Watson",
    "Deprecated" : [

    ],
    "type" : "Module",
    "Constructor" : [

    ],
    "doc" : "Display in menubar status from time tracker CLI Watson https:\/\/github.com\/TailorDev\/Watson\nDownload: [https:\/\/github.com\/Hammerspoon\/Spoons\/raw\/master\/Spoons\/WatsonStatus.spoon.zip](https:\/\/github.com\/Hammerspoon\/Spoons\/raw\/master\/Spoons\/WatsonStatus.spoon.zip)",
    "Field" : [

    ],
    "Command" : [

    ],
    "Method" : [
      {
        "doc" : "Starts WatsonStatus\n\nParameters:\n * None\n\nReturns:\n * The WatsonStatus object",
        "stripped_doc" : [
          "Starts WatsonStatus",
          ""
        ],
        "desc" : "Starts WatsonStatus",
        "def" : "WatsonStatus:start()",
        "notes" : [

        ],
        "signature" : "WatsonStatus:start()",
        "type" : "Method",
        "returns" : [
          " * The WatsonStatus object"
        ],
        "name" : "start",
        "parameters" : [
          " * None",
          ""
        ]
      },
      {
        "doc" : "Stops WatsonStatus\n\nParameters:\n * None\n\nReturns:\n * The WatsonStatus objectini",
        "stripped_doc" : [
          "Stops WatsonStatus",
          ""
        ],
        "desc" : "Stops WatsonStatus",
        "def" : "WatsonStatus:stop()",
        "notes" : [

        ],
        "signature" : "WatsonStatus:stop()",
        "type" : "Method",
        "returns" : [
          " * The WatsonStatus objectini"
        ],
        "name" : "stop",
        "parameters" : [
          " * None",
          ""
        ]
      }
    ],
    "items" : [
      {
        "doc" : "Path to watson binary. Default: `\/usr\/local\/bin\/watson`",
        "stripped_doc" : [
          "Path to watson binary. Default: `\/usr\/local\/bin\/watson`"
        ],
        "desc" : "Path to watson binary. Default: `\/usr\/local\/bin\/watson`",
        "def" : "WatsonStatus.watsonbin",
        "notes" : [

        ],
        "signature" : "WatsonStatus.watsonbin",
        "type" : "Variable",
        "returns" : [

        ],
        "name" : "watsonbin",
        "parameters" : [

        ]
      },
      {
        "doc" : "Path to watson folder. Spoon set folder watch on it to monitor changes. Default: `\/Users\/roman\/Library\/Application Support\/watson`",
        "stripped_doc" : [
          "Path to watson folder. Spoon set folder watch on it to monitor changes. Default: `\/Users\/roman\/Library\/Application Support\/watson`"
        ],
        "desc" : "Path to watson folder. Spoon set folder watch on it to monitor changes. Default: `\/Users\/roman\/Library\/Application Support\/watson`",
        "def" : "WatsonStatus.watsonfolder",
        "notes" : [

        ],
        "signature" : "WatsonStatus.watsonfolder",
        "type" : "Variable",
        "returns" : [

        ],
        "name" : "watsonfolder",
        "parameters" : [

        ]
      },
      {
        "doc" : "Starts WatsonStatus\n\nParameters:\n * None\n\nReturns:\n * The WatsonStatus object",
        "stripped_doc" : [
          "Starts WatsonStatus",
          ""
        ],
        "desc" : "Starts WatsonStatus",
        "def" : "WatsonStatus:start()",
        "notes" : [

        ],
        "signature" : "WatsonStatus:start()",
        "type" : "Method",
        "returns" : [
          " * The WatsonStatus object"
        ],
        "name" : "start",
        "parameters" : [
          " * None",
          ""
        ]
      },
      {
        "doc" : "Stops WatsonStatus\n\nParameters:\n * None\n\nReturns:\n * The WatsonStatus objectini",
        "stripped_doc" : [
          "Stops WatsonStatus",
          ""
        ],
        "desc" : "Stops WatsonStatus",
        "def" : "WatsonStatus:stop()",
        "notes" : [

        ],
        "signature" : "WatsonStatus:stop()",
        "type" : "Method",
        "returns" : [
          " * The WatsonStatus objectini"
        ],
        "name" : "stop",
        "parameters" : [
          " * None",
          ""
        ]
      }
    ],
    "name" : "WatsonStatus"
  }
]
